rank,prev_rank,name,league,off,def,spi
1,1,Manchester City,Barclays Premier League,2.87,0.29,92.39
2,2,Bayern Munich,German Bundesliga,3.06,0.62,88.63
3,3,Barcelona,Spanish Primera Division,2.35,0.31,87.8
4,4,Real Madrid,Spanish Primera Division,2.69,0.58,86.09
5,5,Liverpool,Barclays Premier League,2.59,0.65,83.73
6,7,Arsenal,Barclays Premier League,2.6,0.67,83.55
7,6,Newcastle,Barclays Premier League,2.34,0.55,82.96
8,8,Napoli,Italy Serie A,2.26,0.5,82.91
9,9,Atletico Madrid,Spanish Primera Division,2.29,0.54,82.55
10,12,Borussia Dortmund,German Bundesliga,2.67,0.82,81.39
11,11,Internazionale,Italy Serie A,2.43,0.69,81.13
12,10,Brighton and Hove Albion,Barclays Premier League,2.47,0.74,80.71
13,13,Benfica,Portuguese Liga,2.31,0.69,79.53
14,15,RB Leipzig,German Bundesliga,2.25,0.66,79.39
15,14,Paris Saint-Germain,French Ligue 1,2.58,0.88,79.36
16,17,Chelsea,Barclays Premier League,1.99,0.57,77.71
17,16,Manchester United,Barclays Premier League,2.22,0.72,77.68
18,19,Aston Villa,Barclays Premier League,1.94,0.56,77.21
19,24,Sporting CP,Portuguese Liga,2.07,0.66,76.78
20,23,Celtic,Scottish Premiership,2.52,0.97,76.67
21,26,FC Porto,Portuguese Liga,2.02,0.66,76.02
22,18,Bayer Leverkusen,German Bundesliga,2.07,0.7,75.88
23,20,Lille,French Ligue 1,2.09,0.71,75.88
24,21,Zenit St Petersburg,Russian Premier Liga,2.11,0.73,75.84
25,22,Ajax,Dutch Eredivisie,2.54,1.02,75.81
26,28,Feyenoord,Dutch Eredivisie,2.28,0.88,75.18
27,27,AS Roma,Italy Serie A,1.89,0.62,74.91
28,25,Athletic Bilbao,Spanish Primera Division,1.81,0.57,74.74
29,29,Marseille,French Ligue 1,2.1,0.77,74.7
30,36,PSV,Dutch Eredivisie,2.38,0.99,74.27
31,33,Real Sociedad,Spanish Primera Division,1.73,0.55,73.98
32,34,Brentford,Barclays Premier League,2.0,0.74,73.86
33,37,Lyon,French Ligue 1,2.18,0.87,73.8
34,32,AC Milan,Italy Serie A,2.06,0.78,73.74
35,35,FC Salzburg,Austrian T-Mobile Bundesliga,2.08,0.82,73.26
36,42,Tottenham Hotspur,Barclays Premier League,2.2,0.93,72.88
37,39,Villarreal,Spanish Primera Division,2.08,0.85,72.46
38,44,West Ham United,Barclays Premier League,1.99,0.79,72.38
39,38,Crystal Palace,Barclays Premier League,1.76,0.63,72.29
40,30,Mainz,German Bundesliga,2.14,0.92,72.07
41,40,Lens,French Ligue 1,1.85,0.71,72.04
42,43,Juventus,Italy Serie A,1.94,0.78,71.81
43,31,VfL Wolfsburg,German Bundesliga,2.12,0.92,71.54
44,51,Palmeiras,Brasileiro Série A,1.92,0.79,71.09
45,41,Fiorentina,Italy Serie A,2.01,0.86,71.04
46,45,Celta Vigo,Spanish Primera Division,1.82,0.73,70.97
47,48,Sevilla FC,Spanish Primera Division,1.85,0.77,70.64
48,52,FC Cologne,German Bundesliga,1.91,0.81,70.57
49,46,Atalanta,Italy Serie A,2.04,0.93,70.16
50,47,Stade Rennes,French Ligue 1,1.91,0.83,70.07
51,49,Eintracht Frankfurt,German Bundesliga,2.0,0.9,70.06
52,53,FC Twente,Dutch Eredivisie,2.04,0.95,69.5
53,50,Flamengo,Brasileiro Série A,1.95,0.89,69.39
54,54,Girona FC,Spanish Primera Division,1.93,0.88,69.27
55,55,Rangers,Scottish Premiership,2.13,1.09,68.15
56,60,Young Boys,Swiss Raiffeisen Super League,2.26,1.21,67.59
57,61,Borussia Monchengladbach,German Bundesliga,2.0,1.02,67.31
58,58,Fulham,Barclays Premier League,1.83,0.9,66.91
59,59,Lazio,Italy Serie A,1.69,0.8,66.71
60,63,AS Monaco,French Ligue 1,2.04,1.08,66.56
61,64,Nice,French Ligue 1,1.64,0.78,66.4
62,57,VfB Stuttgart,German Bundesliga,1.93,1.01,66.37
63,56,SC Freiburg,German Bundesliga,1.85,0.95,66.34
64,65,1. FC Union Berlin,German Bundesliga,1.64,0.78,66.17
65,69,Reims,French Ligue 1,1.72,0.85,66.15
66,66,Torino,Italy Serie A,1.63,0.77,66.14
67,67,Atletico Mineiro,Brasileiro Série A,1.64,0.79,65.94
68,68,Valencia,Spanish Primera Division,1.67,0.82,65.89
69,71,Real Betis,Spanish Primera Division,1.74,0.87,65.87
70,62,Leicester City,Barclays Premier League,1.97,1.06,65.82
71,73,Osasuna,Spanish Primera Division,1.58,0.79,64.73
72,75,Monterrey,Mexican Primera Division Torneo Clausura,1.69,0.88,64.58
73,78,Rayo Vallecano,Spanish Primera Division,1.66,0.87,64.38
74,74,TSG Hoffenheim,German Bundesliga,1.95,1.11,64.16
75,72,AZ,Dutch Eredivisie,1.83,1.03,63.99
76,84,Besiktas,Turkish Turkcell Super Lig,1.85,1.04,63.96
77,70,Mallorca,Spanish Primera Division,1.59,0.83,63.86
78,87,Strasbourg,French Ligue 1,1.78,1.0,63.76
79,76,Braga,Portuguese Liga,1.73,0.95,63.73
80,79,Getafe,Spanish Primera Division,1.53,0.79,63.69
81,88,Club América,Mexican Primera Division Torneo Clausura,1.88,1.09,63.45
82,77,Fenerbahce,Turkish Turkcell Super Lig,2.07,1.25,63.43
83,86,Werder Bremen,German Bundesliga,1.94,1.14,63.4
84,89,Udinese,Italy Serie A,1.75,0.99,63.29
85,82,Sassuolo,Italy Serie A,1.82,1.04,63.26
86,80,Galatasaray,Turkish Turkcell Super Lig,1.9,1.12,63.2
87,83,Slavia Prague,UEFA Europa Conference League,1.83,1.06,63.09
88,92,Burnley,English League Championship,1.53,0.82,62.94
89,81,Genk,Belgian Jupiler League,2.1,1.3,62.74
90,85,Wolverhampton,Barclays Premier League,1.61,0.89,62.68
91,97,Everton,Barclays Premier League,1.83,1.11,61.96
92,90,Dinamo Zagreb,UEFA Champions League,1.8,1.09,61.85
93,93,Olympiacos,Greek Super League,1.7,1.01,61.7
94,91,Bologna,Italy Serie A,1.67,1.0,61.39
95,94,Bodo/Glimt,Norwegian Tippeligaen,2.01,1.3,61.19
96,96,Antwerp,Belgian Jupiler League,1.53,0.88,61.16
97,109,Schalke 04,German Bundesliga,1.76,1.1,60.76
98,95,AFC Bournemouth,Barclays Premier League,1.76,1.13,60.18
99,98,Leeds United,Barclays Premier League,1.83,1.19,60.14
100,107,Toulouse,French Ligue 1,1.67,1.05,60.04
101,99,Southampton,Barclays Premier League,1.68,1.07,59.93
102,102,River Plate,Argentina Primera Division,1.53,0.95,59.62
103,101,Monza,Italy Serie A,1.66,1.06,59.6
104,104,FC Augsburg,German Bundesliga,1.79,1.18,59.49
105,111,KAA Gent,Belgian Jupiler League,1.74,1.15,59.28
106,110,AEK Athens,Greek Super League,1.52,0.96,59.05
107,108,Clermont Foot,French Ligue 1,1.52,0.96,59.04
108,115,Adana Demirspor,Turkish Turkcell Super Lig,1.84,1.25,59.04
109,100,Lecce,Italy Serie A,1.44,0.9,58.91
110,113,Slovácko,UEFA Europa Conference League,1.77,1.21,58.54
111,114,Red Star Belgrade,UEFA Europa League,1.75,1.19,58.52
112,119,São Paulo,Brasileiro Série A,1.5,0.97,58.46
113,116,Fluminense,Brasileiro Série A,1.61,1.07,58.3
114,112,CSKA Moscow,Russian Premier Liga,1.53,1.0,58.29
115,105,Club Brugge,Belgian Jupiler League,1.68,1.14,58.15
116,126,Tigres UANL,Mexican Primera Division Torneo Clausura,1.53,1.01,58.1
117,106,Espanyol,Spanish Primera Division,1.66,1.13,58.0
118,103,Montpellier,French Ligue 1,1.7,1.17,57.8
119,121,Shakhtar Donetsk,UEFA Europa League,1.77,1.24,57.61
120,124,Union Saint Gilloise,Belgian Jupiler League,1.84,1.31,57.61
121,133,FC Utrecht,Dutch Eredivisie,1.73,1.22,57.48
122,118,Los Angeles FC,Major League Soccer,1.72,1.21,57.27
123,125,SK Sturm Graz,Austrian T-Mobile Bundesliga,1.6,1.1,57.26
124,117,FC Copenhagen,Danish SAS-Ligaen,1.6,1.12,57.06
125,122,Vitesse,Dutch Eredivisie,1.58,1.11,56.88
126,127,Hertha Berlin,German Bundesliga,1.68,1.19,56.87
127,123,Middlesbrough,English League Championship,1.67,1.2,56.61
128,134,Sheffield United,English League Championship,1.49,1.03,56.57
129,120,Internacional,Brasileiro Série A,1.45,1.02,56.06
130,131,Cadiz,Spanish Primera Division,1.49,1.06,55.79
131,132,Elche,Spanish Primera Division,1.57,1.14,55.71
132,135,Pachuca,Mexican Primera Division Torneo Clausura,1.59,1.17,55.43
133,169,Botafogo,Brasileiro Série A,1.46,1.05,55.39
134,130,Lorient,French Ligue 1,1.5,1.1,55.21
135,141,Spartak Moscow,Russian Premier Liga,1.73,1.32,55.13
136,138,Almeria,Spanish Primera Division,1.71,1.3,55.07
137,139,Viktoria Plzen,UEFA Champions League,1.82,1.41,54.85
138,136,VfL Bochum,German Bundesliga,1.8,1.4,54.65
139,128,Luton Town,English League Championship,1.34,0.97,54.62
140,158,Molde,Norwegian Tippeligaen,1.77,1.39,54.56
141,140,Ferencvaros,UEFA Europa League,1.61,1.22,54.55
142,129,Nottingham Forest,Barclays Premier League,1.63,1.26,54.15
143,137,Sparta,Dutch Eredivisie,1.63,1.27,54.05
144,166,Atlético Paranaense,Brasileiro Série A,1.41,1.07,53.64
145,149,Brest,French Ligue 1,1.44,1.11,53.56
146,144,Real Valladolid,Spanish Primera Division,1.59,1.25,53.48
147,146,Fortaleza,Brasileiro Série A,1.4,1.07,53.47
148,151,Philadelphia Union,Major League Soccer,1.64,1.32,53.2
149,168,Yokohama F. Marinos,Japanese J League,1.71,1.39,53.06
150,148,Dynamo Kiev,UEFA Europa League,1.51,1.19,53.06
151,143,Ipswich Town,English League One,1.62,1.31,52.93
152,163,Verona,Italy Serie A,1.42,1.12,52.92
153,175,Empoli,Italy Serie A,1.52,1.23,52.43
154,154,Anderlecht,Belgian Jupiler League,1.46,1.18,52.32
155,161,Santos,Brasileiro Série A,1.39,1.11,52.3
156,173,PAOK Salonika,Greek Super League,1.47,1.19,52.27
157,142,Corinthians,Brasileiro Série A,1.3,1.02,52.21
158,157,León,Mexican Primera Division Torneo Clausura,1.35,1.07,52.16
159,147,Nantes,French Ligue 1,1.43,1.15,52.14
160,160,SC Dnipro-1,UEFA Europa Conference League,1.55,1.28,52.11
161,155,Vasco da Gama,Brasileiro Série A,1.44,1.17,52.11
162,159,NEC,Dutch Eredivisie,1.59,1.32,52.09
163,162,Lech Poznan,UEFA Europa Conference League,1.42,1.15,52.07
164,152,LASK Linz,Austrian T-Mobile Bundesliga,1.61,1.34,51.99
165,177,Guimaraes,Portuguese Liga,1.26,0.99,51.97
166,165,FC Krasnodar,Russian Premier Liga,1.67,1.4,51.95
167,164,Swansea City,English League Championship,1.5,1.23,51.93
168,167,Steaua Bucuresti,UEFA Europa Conference League,1.5,1.24,51.89
169,145,FC Midtjylland,Danish SAS-Ligaen,1.51,1.25,51.86
170,186,Lokomotiv Moscow,Russian Premier Liga,1.56,1.31,51.64
171,176,Vissel Kobe,Japanese J League,1.49,1.24,51.59
172,156,Guadalajara,Mexican Primera Division Torneo Clausura,1.42,1.17,51.58
173,171,FC Sheriff Tiraspol,UEFA Europa League,1.51,1.27,51.36
174,150,Vizela,Portuguese Liga,1.34,1.1,51.26
175,172,FK Partizan Belgrade,UEFA Europa Conference League,1.41,1.17,51.22
176,193,Fatih Karagümrük,Turkish Turkcell Super Lig,1.83,1.6,51.17
177,180,Atlas,Mexican Primera Division Torneo Clausura,1.4,1.18,50.81
178,170,Famalicao,Portuguese Liga,1.41,1.2,50.66
179,187,Trabzonspor,Turkish Turkcell Super Lig,1.59,1.38,50.61
180,153,Toluca,Mexican Primera Division Torneo Clausura,1.6,1.4,50.59
181,181,Coventry City,English League Championship,1.32,1.12,50.41
182,182,Metz,French Ligue 2,1.35,1.15,50.33
183,183,Dinamo Moscow,Russian Premier Liga,1.49,1.29,50.31
184,179,Heerenveen,Dutch Eredivisie,1.67,1.48,50.26
185,178,Cruz Azul,Mexican Primera Division Torneo Clausura,1.32,1.13,50.21
186,189,Bragantino,Brasileiro Série A,1.47,1.29,50.06
187,197,Chaves,Portuguese Liga,1.41,1.23,49.99
188,188,Go Ahead Eagles,Dutch Eredivisie,1.61,1.44,49.77
189,195,Rapid Vienna,Austrian T-Mobile Bundesliga,1.57,1.4,49.65
190,229,Malmo FF,Swedish Allsvenskan,1.59,1.43,49.47
191,191,FK Qarabag,UEFA Europa League,1.41,1.25,49.41
192,213,Cercle Brugge,Belgian Jupiler League,1.55,1.4,49.35
193,192,Maccabi Haifa,UEFA Champions League,1.69,1.54,49.35
194,184,Auxerre,French Ligue 1,1.33,1.17,49.3
195,196,Hapoel Be'er,UEFA Europa Conference League,1.49,1.34,49.22
196,215,Talleres de Córdoba,Argentina Primera Division,1.33,1.19,49.12
197,174,Gil Vicente,Portuguese Liga,1.37,1.22,49.1
198,199,Cremonese,Italy Serie A,1.49,1.36,49.06
199,198,Atlanta United FC,Major League Soccer,1.57,1.43,48.93
200,224,Terek Grozny,Russian Premier Liga,1.35,1.21,48.83
201,190,FK Austria Vienna,Austrian T-Mobile Bundesliga,1.67,1.54,48.8
202,207,West Bromwich Albion,English League Championship,1.37,1.25,48.56
203,220,Frosinone,Italy Serie B,1.23,1.12,48.34
204,202,New York City FC,Major League Soccer,1.45,1.34,48.31
205,200,Panathinaikos,Greek Super League,0.98,0.86,47.81
206,216,Boavista,Portuguese Liga,1.31,1.21,47.8
207,205,Stoke City,English League Championship,1.25,1.15,47.79
208,208,Spezia,Italy Serie A,1.46,1.37,47.74
209,206,Standard Liege,Belgian Jupiler League,1.48,1.4,47.63
210,209,Istanbul Basaksehir,Turkish Turkcell Super Lig,1.26,1.18,47.57
211,203,Salernitana,Italy Serie A,1.46,1.39,47.5
212,201,Rio Ave,Portuguese Liga,1.24,1.15,47.49
213,210,Santos Laguna,Mexican Primera Division Torneo Clausura,1.47,1.4,47.47
214,185,Millwall,English League Championship,1.33,1.25,47.41
215,211,Konyaspor,Turkish Turkcell Super Lig,1.35,1.28,47.35
216,218,América Mineiro,Brasileiro Série A,1.36,1.29,47.28
217,219,Argentinos Juniors,Argentina Primera Division,1.27,1.21,47.01
218,217,Aris Salonika,Greek Super League,1.39,1.34,46.85
219,194,Rostov,Russian Premier Liga,1.4,1.36,46.8
220,269,Cagliari,Italy Serie B,1.23,1.18,46.75
221,212,FC Arouca,Portuguese Liga,1.16,1.11,46.62
222,236,Sunderland,English League Championship,1.36,1.33,46.6
223,223,Kawasaki Frontale,Japanese J League,1.46,1.44,46.38
224,221,Genoa,Italy Serie B,1.08,1.03,46.34
225,226,Angers,French Ligue 1,1.34,1.32,46.15
226,230,Bahía,Brasileiro Série A,1.3,1.28,46.15
227,214,Seattle Sounders FC,Major League Soccer,1.36,1.35,46.05
228,253,FC Nordsjaelland,Danish SAS-Ligaen,1.38,1.38,45.87
229,204,Urawa Red Diamonds,Japanese J League,1.29,1.29,45.79
230,231,Bordeaux,French Ligue 2,1.19,1.18,45.77
231,242,Estudiantes,Argentina Primera Division,1.16,1.15,45.75
232,225,Boca Juniors,Argentina Primera Division,1.15,1.14,45.71
233,233,RKC,Dutch Eredivisie,1.58,1.6,45.67
234,243,Cruzeiro,Brasileiro Série A,1.28,1.28,45.62
235,234,Norwich City,English League Championship,1.23,1.23,45.45
236,247,Watford,English League Championship,1.28,1.29,45.35
237,239,Casa Pia,Portuguese Liga,1.17,1.18,45.21
238,222,KVC Westerlo,Belgian Jupiler League,1.57,1.62,45.07
239,248,St Etienne,French Ligue 2,1.47,1.52,44.98
240,235,New York Red Bulls,Major League Soccer,1.16,1.18,44.84
241,228,FC Cincinnati,Major League Soccer,1.49,1.55,44.79
242,244,AEK Larnaca,UEFA Europa League,1.16,1.18,44.76
243,246,Apollon Limassol,UEFA Europa Conference League,1.21,1.24,44.74
244,274,AGF Aarhus,Danish SAS-Ligaen,1.05,1.07,44.71
245,245,Portimonense,Portuguese Liga,1.23,1.27,44.67
246,240,San Lorenzo,Argentina Primera Division,0.96,0.97,44.52
247,250,Gazovik Orenburg,Russian Premier Liga,1.47,1.54,44.48
248,238,AC Ajaccio,French Ligue 1,1.12,1.16,44.32
249,237,Basel,Swiss Raiffeisen Super League,1.32,1.38,44.22
250,251,OH Leuven,Belgian Jupiler League,1.44,1.53,44.15
251,232,BK Hacken,Swedish Allsvenskan,1.63,1.73,44.14
252,278,Blackburn,English League Championship,1.18,1.23,44.03
253,271,Nashville SC,Major League Soccer,1.24,1.31,43.97
254,255,Defensa y Justicia,Argentina Primera Division,1.14,1.2,43.85
255,273,FC St. Pauli,German 2. Bundesliga,1.33,1.42,43.76
256,265,Tenerife,Spanish Segunda Division,0.98,1.03,43.59
257,252,Sampdoria,Italy Serie A,1.35,1.45,43.51
258,259,Bristol City,English League Championship,1.17,1.25,43.46
259,260,Columbus Crew,Major League Soccer,1.34,1.45,43.22
260,254,Los Angeles Galaxy,Major League Soccer,1.49,1.62,43.18
261,227,Viborg,Danish SAS-Ligaen,1.28,1.4,43.12
262,241,Grêmio,Brasileiro Série A,1.31,1.43,43.04
263,261,Vancouver Whitecaps,Major League Soccer,1.38,1.51,43.0
264,262,CFR 1907 Cluj,UEFA Europa Conference League,1.22,1.33,42.98
265,282,New England Revolution,Major League Soccer,1.37,1.51,42.82
266,280,Maritimo,Portuguese Liga,1.29,1.42,42.63
267,264,FC Dallas,Major League Soccer,1.25,1.39,42.6
268,268,Kayserispor,Turkish Turkcell Super Lig,1.55,1.73,42.44
269,266,FC Lugano,Swiss Raiffeisen Super League,1.36,1.52,42.4
270,257,Tigre,Argentina Primera Division,1.21,1.34,42.38
271,285,Sanfrecce Hiroshima,Japanese J League,1.24,1.39,42.26
272,256,Hearts,Scottish Premiership,1.36,1.53,42.2
273,270,IF Elfsborg,Swedish Allsvenskan,1.44,1.62,42.19
274,249,Rosenborg,Norwegian Tippeligaen,1.47,1.66,42.15
275,263,Velez Sarsfield,Argentina Primera Division,1.0,1.12,42.01
276,272,Le Havre,French Ligue 2,0.87,0.97,41.89
277,283,Kashima Antlers,Japanese J League,1.22,1.38,41.89
278,275,Ludogorets,UEFA Europa League,1.3,1.49,41.66
279,289,Hibernian,Scottish Premiership,1.3,1.48,41.6
280,279,Puebla,Mexican Primera Division Torneo Clausura,1.32,1.52,41.4
281,304,Mamelodi Sundowns,South African ABSA Premier League,1.07,1.23,41.29
282,321,Brondby,Danish SAS-Ligaen,1.34,1.56,41.16
283,288,Sporting de Charleroi,Belgian Jupiler League,1.32,1.54,41.06
284,258,Sivasspor,Turkish Turkcell Super Lig,1.35,1.57,40.98
285,292,St. Truidense,Belgian Jupiler League,1.08,1.26,40.92
286,291,FC Luzern,Swiss Raiffeisen Super League,1.45,1.69,40.91
287,312,Parma,Italy Serie B,1.11,1.3,40.87
288,284,Bari,Italy Serie B,1.12,1.32,40.87
289,287,FC Groningen,Dutch Eredivisie,1.3,1.53,40.84
290,303,Fortuna Sittard,Dutch Eredivisie,1.39,1.63,40.83
291,293,FC Volendam,Dutch Eredivisie,1.44,1.68,40.79
292,296,Pumas Unam,Mexican Primera Division Torneo Clausura,1.25,1.47,40.73
293,277,Levante,Spanish Segunda Division,0.99,1.18,40.56
294,295,Wolfsberger AC,Austrian T-Mobile Bundesliga,1.42,1.68,40.5
295,305,SC Paderborn,German 2. Bundesliga,1.38,1.64,40.38
296,302,Lanus,Argentina Primera Division,1.13,1.35,40.32
297,267,Sochi,Russian Premier Liga,1.22,1.47,40.16
298,290,Aberdeen,Scottish Premiership,1.21,1.45,40.14
299,276,Toronto FC,Major League Soccer,1.31,1.57,40.11
300,307,Hamburg SV,German 2. Bundesliga,1.49,1.78,40.1
301,300,Estoril Praia,Portuguese Liga,1.1,1.32,40.09
302,314,Nagoya Grampus Eight,Japanese J League,1.02,1.23,39.93
303,294,Antalyaspor,Turkish Turkcell Super Lig,1.29,1.56,39.9
304,286,Racing Club,Argentina Primera Division,1.2,1.46,39.77
305,298,Troyes,French Ligue 1,1.36,1.65,39.74
306,311,Karlsruher SC,German 2. Bundesliga,1.41,1.71,39.69
307,315,Alanyaspor,Turkish Turkcell Super Lig,1.45,1.76,39.56
308,281,Randers FC,Danish SAS-Ligaen,1.24,1.52,39.55
309,360,Albacete,Spanish Segunda Division,1.16,1.42,39.45
310,297,St Gallen,Swiss Raiffeisen Super League,1.44,1.76,39.44
311,342,Motherwell,Scottish Premiership,1.21,1.49,39.25
312,318,F.B.C Unione Venezia,Italy Serie B,1.19,1.47,39.22
313,348,Santa Clara,Portuguese Liga,1.12,1.39,39.17
314,329,Orlando City SC,Major League Soccer,1.23,1.53,39.08
315,324,Kasimpasa,Turkish Turkcell Super Lig,1.26,1.57,39.07
316,354,Rosario Central,Argentina Primera Division,1.13,1.4,39.03
317,325,Necaxa,Mexican Primera Division Torneo Clausura,1.05,1.32,39.03
318,328,Huracán,Argentina Primera Division,0.97,1.21,39.01
319,301,Cuiaba,Brasileiro Série A,1.09,1.36,38.99
320,308,Sochaux,French Ligue 2,1.14,1.42,38.99
321,351,Hull City,English League Championship,1.05,1.31,38.96
322,336,San Jose Earthquakes,Major League Soccer,1.34,1.67,38.93
323,362,FC Zurich,Swiss Raiffeisen Super League,1.3,1.62,38.88
324,327,Fortuna Düsseldorf,German 2. Bundesliga,1.26,1.58,38.88
325,310,Preston North End,English League Championship,1.12,1.41,38.79
326,335,Minnesota United FC,Major League Soccer,1.28,1.61,38.75
327,309,Goiás,Brasileiro Série A,1.11,1.4,38.73
328,330,Omonia Nicosia,UEFA Europa League,1.25,1.57,38.72
329,332,Alavés,Spanish Segunda Division,0.91,1.15,38.71
330,331,Granada,Spanish Segunda Division,0.95,1.21,38.71
331,316,Atlético San Luis,Mexican Primera Division Torneo Clausura,1.14,1.44,38.64
332,319,Portland Timbers,Major League Soccer,1.36,1.71,38.63
333,346,Austin FC,Major League Soccer,1.3,1.64,38.47
334,317,Coritiba,Brasileiro Série A,1.08,1.38,38.47
335,313,Pacos Ferreira,Portuguese Liga,1.09,1.4,38.29
336,339,Tijuana,Mexican Primera Division Torneo Clausura,1.18,1.5,38.27
337,353,Colorado Rapids,Major League Soccer,1.21,1.55,38.21
338,343,Slovan Bratislava,UEFA Europa Conference League,1.12,1.44,38.09
339,338,FC Andorra,Spanish Segunda Division,0.93,1.21,38.08
340,320,Silkeborg,Danish SAS-Ligaen,1.35,1.72,38.06
341,306,Barnsley,English League One,1.32,1.69,38.04
342,337,Caen,French Ligue 2,1.11,1.43,38.02
343,323,Emmen,Dutch Eredivisie,1.25,1.6,38.01
344,350,Colon Santa Fe,Argentina Primera Division,1.09,1.4,37.98
345,340,Lillestrom,Norwegian Tippeligaen,1.33,1.71,37.9
346,345,KV Mechelen,Belgian Jupiler League,1.45,1.85,37.86
347,347,Real Zaragoza,Spanish Segunda Division,0.92,1.21,37.85
348,349,Sheffield Wednesday,English League One,1.15,1.49,37.84
349,357,Paris FC,French Ligue 2,1.1,1.44,37.73
350,333,1. FC Heidenheim 1846,German 2. Bundesliga,1.15,1.51,37.61
351,356,CA Independiente,Argentina Primera Division,1.02,1.35,37.54
352,352,FC Juárez,Mexican Primera Division Torneo Clausura,1.02,1.36,37.41
353,322,SV Darmstadt 98,German 2. Bundesliga,1.16,1.53,37.38
354,365,Newell's Old Boys,Argentina Primera Division,0.87,1.17,37.37
355,369,Sporting Kansas City,Major League Soccer,1.06,1.42,36.97
356,396,Consadole Sapporo,Japanese J League,1.45,1.9,36.9
357,355,Montreal Impact,Major League Soccer,1.18,1.57,36.88
358,361,Ural Sverdlovsk Oblast,Russian Premier Liga,0.95,1.3,36.75
359,334,Chicago Fire,Major League Soccer,1.26,1.69,36.66
360,367,Odense BK,Danish SAS-Ligaen,1.23,1.66,36.63
361,299,WSG Swarovski Wattens,Austrian T-Mobile Bundesliga,1.33,1.78,36.61
362,344,Birmingham,English League Championship,1.02,1.4,36.59
363,341,Cardiff City,English League Championship,1.04,1.41,36.56
364,326,Hammarby,Swedish Allsvenskan,1.25,1.68,36.46
365,375,DC United,Major League Soccer,1.18,1.6,36.41
366,359,Las Palmas,Spanish Segunda Division,0.9,1.25,36.31
367,392,Valerenga,Norwegian Tippeligaen,1.33,1.79,36.28
368,401,AaB,Danish SAS-Ligaen,1.12,1.54,36.1
369,378,Servette,Swiss Raiffeisen Super League,1.23,1.68,36.02
370,358,Bastia,French Ligue 2,0.97,1.36,35.92
371,366,Melbourne City,Australian A-League,1.39,1.89,35.78
372,391,Djurgardens IF,Swedish Allsvenskan,1.16,1.61,35.75
373,370,Querétaro,Mexican Primera Division Torneo Clausura,0.98,1.39,35.65
374,381,Eibar,Spanish Segunda Division,0.83,1.2,35.62
375,371,Krylia Sovetov,Russian Premier Liga,0.99,1.4,35.58
376,363,Cerezo Osaka,Japanese J League,1.02,1.45,35.47
377,372,Wigan,English League Championship,0.92,1.32,35.43
378,368,Austria Lustenau,Austrian T-Mobile Bundesliga,1.23,1.71,35.35
379,364,Ankaragucu,Turkish Turkcell Super Lig,1.05,1.5,35.28
380,429,Hartberg,Austrian T-Mobile Bundesliga,1.24,1.73,35.27
381,379,Inter Miami CF,Major League Soccer,1.15,1.63,35.15
382,380,Guingamp,French Ligue 2,1.09,1.56,34.93
383,374,Grasshoppers Zürich,Swiss Raiffeisen Super League,1.4,1.96,34.88
384,399,Huddersfield Town,English League Championship,0.97,1.41,34.87
385,412,Fakel Voronezh,Russian Premier Liga,1.07,1.55,34.71
386,384,Sarmiento,Argentina Primera Division,1.03,1.5,34.68
387,419,Umraniyespor,Turkish Turkcell Super Lig,1.21,1.74,34.59
388,377,Viking FK,Norwegian Tippeligaen,1.34,1.9,34.56
389,388,Atlético Tucumán,Argentina Primera Division,0.93,1.38,34.53
390,373,Pisa,Italy Serie B,0.95,1.4,34.52
391,376,SK Brann,Norwegian Tippeligaen,1.1,1.59,34.46
392,383,Banfield,Argentina Primera Division,0.87,1.3,34.45
393,397,Charlotte FC,Major League Soccer,1.19,1.73,34.31
394,406,Gimnasia La Plata,Argentina Primera Division,0.93,1.4,34.25
395,403,Sudtirol,Italy Serie B,0.75,1.15,34.21
396,386,Queens Park Rangers,English League Championship,1.04,1.54,34.16
397,402,SpVgg Greuther Fürth,German 2. Bundesliga,1.07,1.59,34.08
398,390,Godoy Cruz,Argentina Primera Division,0.95,1.43,34.07
399,385,Como,Italy Serie B,1.05,1.56,33.95
400,418,Istanbulspor,Turkish Turkcell Super Lig,1.19,1.74,33.89
401,393,Mazatlán FC,Mexican Primera Division Torneo Clausura,1.12,1.66,33.88
402,398,Ballkani,UEFA Europa Conference League,1.2,1.76,33.76
403,387,St Mirren,Scottish Premiership,0.99,1.49,33.75
404,389,Houston Dynamo,Major League Soccer,1.11,1.66,33.65
405,405,Real Oviedo,Spanish Segunda Division,0.78,1.23,33.54
406,394,Belgrano Cordoba,Argentina Primera Division,0.92,1.41,33.49
407,408,SK Austria Klagenfurt,Austrian T-Mobile Bundesliga,1.26,1.86,33.45
408,395,Instituto,Argentina Primera Division,1.01,1.55,33.27
409,415,Odd BK,Norwegian Tippeligaen,0.98,1.5,33.21
410,409,Rotherham United,English League Championship,0.96,1.48,33.06
411,428,US Quevilly,French Ligue 2,0.94,1.48,32.67
412,382,FC Tokyo,Japanese J League,1.07,1.66,32.63
413,416,Bolton,English League One,0.89,1.42,32.49
414,410,Excelsior,Dutch Eredivisie,1.17,1.79,32.48
415,432,Leganes,Spanish Segunda Division,0.8,1.3,32.47
416,404,FC Cartagena,Spanish Segunda Division,0.88,1.41,32.43
417,422,Palermo,Italy Serie B,1.03,1.62,32.38
418,426,1. FC Kaiserslautern,German 2. Bundesliga,1.05,1.64,32.36
419,446,IFK Norrkoping,Swedish Allsvenskan,1.09,1.69,32.35
420,413,Holstein Kiel,German 2. Bundesliga,1.28,1.95,32.27
421,414,Rigas Futbola Skola,UEFA Europa Conference League,1.16,1.8,32.23
422,424,Real Salt Lake,Major League Soccer,1.06,1.68,32.13
423,400,Platense,Argentina Primera Division,0.84,1.37,32.06
424,407,Sporting Gijón,Spanish Segunda Division,0.82,1.36,31.81
425,421,Union Santa Fe,Argentina Primera Division,0.89,1.45,31.81
426,442,Villarreal B,Spanish Segunda Division,0.9,1.48,31.77
427,425,Blackpool,English League Championship,1.06,1.7,31.56
428,430,Sarpsborg,Norwegian Tippeligaen,1.07,1.71,31.54
429,436,Plymouth Argyle,English League One,1.02,1.66,31.45
430,420,Arminia Bielefeld,German 2. Bundesliga,1.16,1.85,31.38
431,417,Kalmar FF,Swedish Allsvenskan,0.96,1.6,31.08
432,433,Zalgiris Vilnius,UEFA Europa Conference League,1.1,1.79,30.99
433,423,Grenoble,French Ligue 2,0.68,1.21,30.96
434,435,Racing Santander,Spanish Segunda Division,0.83,1.42,30.95
435,411,Cambuur Leeuwarden,Dutch Eredivisie,1.18,1.9,30.9
436,431,Mirandes,Spanish Segunda Division,0.89,1.52,30.83
437,453,Lyngby,Danish SAS-Ligaen,0.95,1.6,30.81
438,456,Peterborough United,English League One,1.01,1.68,30.77
439,444,Ascoli,Italy Serie B,0.88,1.51,30.66
440,427,Derby County,English League One,0.94,1.6,30.6
441,439,FC Vaduz,Swiss Raiffeisen Super League,0.96,1.63,30.56
442,448,Barracas Central,Argentina Primera Division,0.85,1.48,30.49
443,434,FK Nizhny Novgorod,Russian Premier Liga,0.88,1.52,30.45
444,440,KV Kortrijk,Belgian Jupiler League,1.08,1.8,30.4
445,466,Sagan Tosu,Japanese J League,0.9,1.55,30.27
446,438,Reading,English League Championship,0.9,1.58,29.91
447,437,Málaga,Spanish Segunda Division,0.76,1.37,29.9
448,447,Dijon FCO,French Ligue 2,0.83,1.48,29.69
449,441,Dundee Utd,Scottish Premiership,0.9,1.59,29.65
450,451,Central Córdoba Santiago del Estero,Argentina Primera Division,0.84,1.51,29.63
451,454,St. Louis CITY SC,Major League Soccer,1.02,1.77,29.42
452,457,Burgos,Spanish Segunda Division,0.71,1.33,29.41
453,450,Rodez,French Ligue 2,0.75,1.4,29.37
454,462,Reggina,Italy Serie B,0.91,1.63,29.14
455,443,SD Huesca,Spanish Segunda Division,0.73,1.38,29.01
456,449,Avispa Fukuoka,Japanese J League,0.88,1.59,28.96
457,458,AIK,Swedish Allsvenskan,0.89,1.64,28.63
458,472,Amiens,French Ligue 2,0.8,1.51,28.57
459,460,HJK Helsinki,UEFA Europa League,0.94,1.71,28.47
460,461,Shonan Bellmare,Japanese J League,0.9,1.67,28.42
461,464,Guangzhou Evergrande,Chinese Super League,1.08,1.93,28.19
462,469,Modena,Italy Serie B,0.88,1.65,28.15
463,452,Tromso,Norwegian Tippeligaen,0.89,1.66,28.11
464,471,Portsmouth,English League One,0.82,1.57,28.06
465,473,SV Ried,Austrian T-Mobile Bundesliga,0.96,1.78,28.01
466,470,SV Zulte Waregem,Belgian Jupiler League,1.35,2.32,27.95
467,455,Livingston,Scottish Premiership,0.88,1.66,27.88
468,463,OFI Crete,Greek Super League,0.89,1.68,27.83
469,467,Pau,French Ligue 2,0.84,1.62,27.76
470,459,Arsenal Sarandi,Argentina Primera Division,0.83,1.6,27.71
471,478,St Johnstone,Scottish Premiership,0.82,1.59,27.51
472,465,Kyoto Purple Sanga,Japanese J League,0.84,1.63,27.47
473,490,Ross County,Scottish Premiership,0.84,1.63,27.42
474,484,Sydney FC,Australian A-League,1.13,2.05,27.38
475,476,Valenciennes,French Ligue 2,0.89,1.72,27.31
476,494,Cittadella,Italy Serie B,0.72,1.47,27.12
477,487,Giresunspor,Turkish Turkcell Super Lig,0.95,1.81,27.02
478,468,FC Sion,Swiss Raiffeisen Super League,1.1,2.03,27.01
479,479,Nimes,French Ligue 2,0.96,1.84,26.96
480,514,IFK Goteborg,Swedish Allsvenskan,0.87,1.71,26.92
481,475,Stabaek,Norwegian Tippeligaen,0.9,1.76,26.81
482,480,Central Coast Mariners,Australian A-League,1.15,2.12,26.77
483,483,Hannover 96,German 2. Bundesliga,1.02,1.93,26.72
484,493,SD Ponferradina,Spanish Segunda Division,0.75,1.54,26.63
485,482,Kashiwa Reysol,Japanese J League,0.8,1.63,26.58
486,474,Ternana,Italy Serie B,0.81,1.64,26.57
487,500,Atromitos,Greek Super League,0.71,1.48,26.54
488,477,FC Khimki,Russian Premier Liga,0.92,1.8,26.41
489,496,1. FC Magdeburg,German 2. Bundesliga,1.0,1.92,26.39
490,481,Spal,Italy Serie B,0.83,1.68,26.31
491,445,Perugia,Italy Serie B,0.76,1.57,26.3
492,491,Louisville City FC,United Soccer League,0.88,1.78,26.05
493,497,Cashpoint SC Rheindorf Altach,Austrian T-Mobile Bundesliga,0.87,1.78,25.77
494,495,Charlton Athletic,English League One,0.98,1.94,25.71
495,485,Kilmarnock,Scottish Premiership,0.82,1.73,25.47
496,492,Western Sydney FC,Australian A-League,0.99,1.97,25.37
497,505,Stromsgodset,Norwegian Tippeligaen,0.97,1.97,25.16
498,486,Gazisehir Gaziantep,Turkish Turkcell Super Lig,0.88,1.84,24.97
499,502,Beijing Guoan,Chinese Super League,0.98,1.99,24.95
500,503,Orlando Pirates,South African ABSA Premier League,0.68,1.53,24.93
501,501,Jahn Regensburg,German 2. Bundesliga,0.83,1.79,24.57
502,499,Benevento,Italy Serie B,0.71,1.61,24.5
503,513,Wycombe Wanderers,English League One,0.78,1.72,24.47
504,507,San Diego Loyal SC,United Soccer League,0.92,1.94,24.4
505,488,Torpedo Moskow,Russian Premier Liga,0.79,1.75,24.35
506,510,Shanghai SIPG,Chinese Super League,0.9,1.92,24.26
507,511,Haugesund,Norwegian Tippeligaen,0.86,1.85,24.25
508,506,Albirex Niigata,Japanese J League,0.79,1.76,24.25
509,489,AC Horsens,Danish SAS-Ligaen,0.97,2.03,24.1
510,520,Laval,French Ligue 2,0.81,1.8,24.09
511,509,1. FC Nürnberg,German 2. Bundesliga,0.79,1.76,24.07
512,518,Winterthur,Swiss Raiffeisen Super League,0.86,1.87,24.04
513,504,Brescia,Italy Serie B,0.76,1.73,23.83
514,512,Arizona United,United Soccer League,0.95,2.02,23.83
515,515,Pyunik Yerevan,UEFA Europa Conference League,0.87,1.9,23.79
516,508,San Antonio FC,United Soccer League,0.76,1.74,23.7
517,516,Sacramento Republic FC,United Soccer League,0.79,1.79,23.55
518,523,Adelaide United,Australian A-League,1.12,2.3,23.51
519,531,Fleetwood Town,English League One,0.76,1.75,23.48
520,498,UD Ibiza,Spanish Segunda Division,0.74,1.73,23.39
521,519,KV Oostende,Belgian Jupiler League,1.02,2.18,23.17
522,524,Eintracht Braunschweig,German 2. Bundesliga,0.87,1.95,23.09
523,521,Annecy,French Ligue 2,0.8,1.84,23.07
524,526,Hansa Rostock,German 2. Bundesliga,0.77,1.8,23.05
525,517,Gamba Osaka,Japanese J League,0.79,1.84,23.0
526,529,Lincoln City,English League One,0.61,1.57,22.55
527,530,Giannina,Greek Super League,0.66,1.65,22.49
528,528,Eupen,Belgian Jupiler League,0.98,2.19,22.18
529,533,Exeter City,English League One,0.85,1.98,22.1
530,525,Asteras Tripolis,Greek Super League,0.5,1.42,22.07
531,535,Sandefjord,Norwegian Tippeligaen,0.85,2.01,21.8
532,534,Melbourne Victory,Australian A-League,0.77,1.9,21.65
533,532,Mjallby,Swedish Allsvenskan,0.61,1.63,21.61
534,537,Colorado Springs Switchbacks FC,United Soccer League,0.77,1.9,21.48
535,539,Tampa Bay Rowdies,United Soccer League,0.75,1.88,21.26
536,527,Volos NFC,Greek Super League,0.72,1.84,21.17
537,522,Hamarkamaratene,Norwegian Tippeligaen,0.82,2.03,21.06
538,543,IK Sirius,Swedish Allsvenskan,0.76,1.93,21.04
539,538,Shamrock Rovers,UEFA Europa Conference League,0.69,1.84,20.63
540,541,Lugo,Spanish Segunda Division,0.58,1.65,20.56
541,536,Oxford United,English League One,0.64,1.76,20.42
542,540,Cosenza,Italy Serie B,0.57,1.65,20.3
543,556,Memphis 901 FC,United Soccer League,0.79,2.05,20.14
544,542,RFC Seraing,Belgian Jupiler League,0.75,1.98,20.07
545,544,SuperSport United,South African ABSA Premier League,0.51,1.56,20.04
546,547,Stellenbosch FC,South African ABSA Premier League,0.65,1.83,19.77
547,552,Niort,French Ligue 2,0.66,1.87,19.39
548,559,Ionikos FC,Greek Super League,0.56,1.71,19.35
549,550,Burton Albion,English League One,0.74,2.01,19.29
550,557,Black Aces,South African ABSA Premier League,0.55,1.72,18.99
551,554,SV Sandhausen,German 2. Bundesliga,0.76,2.07,18.94
552,545,Panetolikos,Greek Super League,0.68,1.94,18.93
553,549,Shrewsbury Town,English League One,0.63,1.87,18.81
554,555,Orange County SC,United Soccer League,0.71,2.01,18.81
555,553,Aalesund,Norwegian Tippeligaen,0.62,1.85,18.75
556,562,Levadiakos,Greek Super League,0.55,1.74,18.64
557,567,New Mexico United,United Soccer League,0.71,2.01,18.62
558,548,Stockport County,English League Two,0.55,1.74,18.56
559,546,Salford City,English League Two,0.81,2.21,18.53
560,560,Shandong Luneng,Chinese Super League,0.82,2.22,18.5
561,563,Jiangsu Suning FC,Chinese Super League,0.71,2.04,18.37
562,566,Cheltenham Town,English League One,0.67,1.99,18.26
563,565,IFK Värnamo,Swedish Allsvenskan,0.63,1.93,18.06
564,572,Mansfield Town,English League Two,0.71,2.08,17.84
565,564,Milton Keynes Dons,English League One,0.58,1.86,17.71
566,558,Birmingham Legion FC,United Soccer League,0.74,2.17,17.54
567,568,Kaizer Chiefs,South African ABSA Premier League,0.53,1.78,17.5
568,578,Oakland Roots,United Soccer League,0.65,2.04,17.19
569,561,Hatayspor,Turkish Turkcell Super Lig,0.71,2.14,17.18
570,571,AmaZulu,South African ABSA Premier League,0.47,1.73,16.93
571,574,El Paso Locomotive FC,United Soccer League,0.69,2.13,16.89
572,575,Bristol Rovers,English League One,0.65,2.07,16.62
573,573,Western United,Australian A-League,0.77,2.3,16.55
574,570,Yokohama FC,Japanese J League,0.67,2.14,16.4
575,569,Wellington Phoenix,Australian A-League,0.79,2.36,16.39
576,576,Brommapojkarna,Swedish Allsvenskan,0.56,1.95,16.21
577,551,Degerfors IF,Swedish Allsvenskan,0.66,2.16,15.99
578,582,Pittsburgh Riverhounds,United Soccer League,0.51,1.9,15.76
579,577,Brisbane Roar,Australian A-League,0.6,2.07,15.7
580,579,Miami FC,United Soccer League,0.53,1.95,15.43
581,585,Halmstads BK,Swedish Allsvenskan,0.61,2.12,15.43
582,581,Newcastle Jets,Australian A-League,0.68,2.28,15.09
583,580,Port Vale,English League One,0.61,2.16,15.03
584,583,Bradford City,English League Two,0.5,1.96,14.73
585,586,Lamia,Greek Super League,0.42,1.82,14.61
586,587,Charleston Battery,United Soccer League,0.57,2.15,14.15
587,588,Royal AM,South African ABSA Premier League,0.54,2.12,14.04
588,589,TS Galaxy,South African ABSA Premier League,0.29,1.6,13.89
589,590,Swindon Town,English League Two,0.56,2.17,13.81
590,591,Leyton Orient,English League Two,0.39,1.84,13.55
591,593,Morecambe,English League One,0.58,2.26,13.28
592,592,Carlisle United,English League Two,0.39,1.89,13.1
593,596,Newport County,English League Two,0.49,2.11,13.05
594,595,Golden Arrows,South African ABSA Premier League,0.47,2.08,13.0
595,597,Perth Glory,Australian A-League,0.58,2.3,12.88
596,584,Varbergs BoIS FC,Swedish Allsvenskan,0.54,2.22,12.86
597,601,Cambridge United,English League One,0.4,1.98,12.42
598,600,Stevenage,English League Two,0.36,1.9,12.35
599,599,Northampton Town,English League Two,0.34,1.88,12.2
600,594,Hartford Athletic,United Soccer League,0.6,2.44,12.06
601,602,Tianjin Teda,Chinese Super League,0.5,2.26,11.8
602,603,Macarthur FC,Australian A-League,0.63,2.55,11.67
603,606,Shanghai Greenland,Chinese Super League,0.56,2.47,11.13
604,613,Tulsa Roughnecks,United Soccer League,0.48,2.32,11.08
605,605,Harrogate Town,English League Two,0.54,2.43,11.07
606,598,Tshakhuma Tsha Madzivhandila,South African ABSA Premier League,0.28,1.86,11.05
607,610,Indy Eleven,United Soccer League,0.43,2.21,11.04
608,609,Sekhukhune United,South African ABSA Premier League,0.2,1.67,10.92
609,607,Monterey Bay,United Soccer League,0.45,2.27,10.87
610,608,Rio Grande Valley FC Toros,United Soccer League,0.37,2.1,10.8
611,611,Hebei China Fortune FC,Chinese Super League,0.5,2.43,10.52
612,604,Colchester United,English League Two,0.27,1.91,10.4
613,612,Henan Jianye,Chinese Super League,0.46,2.36,10.34
614,617,Gillingham,English League Two,0.27,1.94,10.15
615,614,Chippa United,South African ABSA Premier League,0.33,2.09,10.12
616,615,Dalian Aerbin,Chinese Super League,0.51,2.51,9.96
617,621,Las Vegas Lights FC,United Soccer League,0.39,2.25,9.93
618,618,Guangzhou RF,Chinese Super League,0.66,2.86,9.74
619,624,Accrington Stanley,English League One,0.39,2.28,9.56
620,619,Moroka Swallows,South African ABSA Premier League,0.21,1.86,9.48
621,620,Wuhan Zall,Chinese Super League,0.39,2.32,9.4
622,623,Crewe Alexandra,English League Two,0.36,2.25,9.33
623,616,Detroit City FC,United Soccer League,0.27,2.07,9.16
624,622,Loudoun United FC,United Soccer League,0.39,2.4,8.8
625,625,Maritzburg Utd,South African ABSA Premier League,0.24,2.05,8.63
626,627,Richards Bay,South African ABSA Premier League,0.2,1.97,8.39
627,626,Rochdale,English League Two,0.36,2.4,8.31
628,628,Grimsby Town,English League Two,0.26,2.15,8.24
629,629,Tranmere Rovers,English League Two,0.2,2.02,8.08
630,630,Tianjin Quanujian,Chinese Super League,0.37,2.51,7.83
631,631,Barrow,English League Two,0.2,2.06,7.76
632,632,Shenzhen FC,Chinese Super League,0.4,2.6,7.73
633,633,Chongqing Lifan,Chinese Super League,0.3,2.35,7.66
634,636,Hartlepool,English League Two,0.38,2.56,7.61
635,635,Walsall,English League Two,0.2,2.11,7.49
636,637,Sutton United,English League Two,0.23,2.26,7.02
637,634,AFC Wimbledon,English League Two,0.24,2.3,6.96
638,638,Doncaster Rovers,English League Two,0.2,2.35,6.06
639,639,Forest Green Rovers,English League One,0.2,2.38,5.91
640,640,Crawley Town,English League Two,0.2,2.41,5.75
641,641,Guizhou Renhe,Chinese Super League,0.2,2.61,4.86
